true_id,true_label,pred_id,pred_label,count
336,train_interior,70,bus_interior,299
313,stadium-football,149,football_field,277
78,canal-natural,229,moat-water,246
302,shopping_mall-indoor,25,atrium-public,243
45,bathroom,303,shower,237
24,athletic_field-outdoor,310,soccer_field,232
23,assembly_line,28,auto_factory,231
0,airfield,293,runway,230
251,pagoda,330,temple-asia,214
347,viaduct,10,aqueduct,202
22,artists_loft,19,art_gallery,201
56,biology_laboratory,88,chemistry_lab,200
92,classroom,210,lecture_room,192
125,downtown,307,skyscraper,188
101,conference_center,211,legislative_chamber,184
313,stadium-football,314,stadium-soccer,184
165,greenhouse-indoor,166,greenhouse-outdoor,181
234,mountain_snowy,163,glacier,181
262,pharmacy,128,drugstore,178
342,underwater-ocean_deep,9,aquarium,178
21,art_studio,19,art_gallery,171
195,jacuzzi-indoor,325,swimming_pool-indoor,164
54,beer_hall,274,pub-indoor,159
312,stadium-baseball,42,baseball_field,157
183,house,107,cottage,156
187,ice_shelf,190,iceberg,156
52,bedroom,182,hotel_room,156
235,movie_theater-indoor,177,home_theater,155
74,cabin-outdoor,184,hunting_lodge-outdoor,153
174,heliport,0,airfield,152
208,laundromat,343,utility_room,151
149,football_field,313,stadium-football,148
307,skyscraper,125,downtown,148
60,bookstore,212,library-indoor,147
150,forest-broadleaf,151,forest_path,146
52,bedroom,51,bedchamber,145
314,stadium-soccer,310,soccer_field,144
112,crosswalk,319,street,144
245,office_building,307,skyscraper,140
15,arena-hockey,188,ice_skating_rink-indoor,138
73,butte,30,badlands,138
260,pavilion,159,gazebo-exterior,137
244,office,176,home_office,134
87,chalet,184,hunting_lodge-outdoor,133
333,topiary_garden,153,formal_garden,132
189,ice_skating_rink-outdoor,188,ice_skating_rink-indoor,130
235,movie_theater-indoor,27,auditorium,130
204,lagoon,194,islet,129
250,orchestra_pit,238,music_studio,129
94,cliff,97,coast,129
337,train_station-platform,320,subway_station-platform,127
188,ice_skating_rink-indoor,15,arena-hockey,125
13,archaelogical_excavation,340,trench,124
227,medina,4,alley,124
110,creek,355,waterfall,122
203,kitchen,358,wet_bar,122
281,recreation_room,6,amusement_arcade,119
120,dining_hall,38,banquet_hall,119
73,butte,81,canyon,118
320,subway_station-platform,337,train_station-platform,118
286,restaurant_patio,53,beer_garden,117
103,construction_site,136,excavation,116
223,market-outdoor,47,bazaar-outdoor,116
243,ocean,357,wave,115
101,conference_center,210,lecture_room,115
337,train_station-platform,278,railroad_track,114
87,chalet,304,ski_resort,114
353,water_park,7,amusement_park,113
0,airfield,174,heliport,113
104,corn_field,359,wheat_field,112
4,alley,227,medina,112
186,ice_floe,190,iceberg,111
310,soccer_field,314,stadium-soccer,111
42,baseball_field,312,stadium-baseball,111
81,canyon,30,badlands,110
293,runway,0,airfield,109
215,living_room,352,waiting_room,109
328,television_room,215,living_room,109
130,elevator_lobby,217,lobby,109
309,snowfield,305,ski_slope,108
151,forest_path,152,forest_road,108
314,stadium-soccer,313,stadium-football,107
274,pub-indoor,54,beer_hall,107
54,beer_hall,39,bar,107
120,dining_hall,121,dining_room,107
278,railroad_track,337,train_station-platform,105
11,arcade,25,atrium-public,105
188,ice_skating_rink-indoor,189,ice_skating_rink-outdoor,104
159,gazebo-exterior,260,pavilion,104
183,house,193,inn-outdoor,104
156,garage-indoor,29,auto_showroom,104
130,elevator_lobby,129,elevator-door,103
182,hotel_room,52,bedroom,103
161,general_store-outdoor,119,diner-outdoor,102
229,moat-water,78,canal-natural,102
221,manufactured_home,157,garage-outdoor,102
101,conference_center,27,auditorium,102
92,classroom,202,kindergarden_classroom,102
352,waiting_room,215,living_room,101
205,lake-natural,271,pond,101
242,oast_house,107,cottage,101
133,engine_room,28,auto_factory,101
243,ocean,48,beach,100
215,living_room,328,television_room,100
224,marsh,323,swamp,100
210,lecture_room,92,classroom,99
277,raft,324,swimming_hole,99
240,nursery,89,childs_room,99
290,roof_garden,345,vegetable_garden,99
223,market-outdoor,53,beer_garden,99
305,ski_slope,309,snowfield,99
97,coast,243,ocean,99
57,boardwalk,273,promenade,98
363,youth_hostel,182,hotel_room,98
343,utility_room,208,laundromat,97
115,department_store,96,clothing_store,97
114,delicatessen,31,bakery-shop,97
303,shower,45,bathroom,97
75,cafeteria,120,dining_hall,96
3,alcove,69,burial_chamber,96
85,catacomb,69,burial_chamber,95
272,porch,33,balcony-interior,95
137,fabric_store,96,clothing_store,95
286,restaurant_patio,119,diner-outdoor,95
261,pet_shop,335,toyshop,94
51,bedchamber,52,bedroom,94
127,driveway,157,garage-outdoor,93
315,stage-indoor,122,discotheque,93
171,harbor,247,oilrig,93
211,legislative_chamber,210,lecture_room,93
9,aquarium,342,underwater-ocean_deep,93
97,coast,48,beach,93
326,swimming_pool-outdoor,353,water_park,93
167,grotto,85,catacomb,93
114,delicatessen,72,butchers_shop,92
194,islet,204,lagoon,92
28,auto_factory,29,auto_showroom,92
222,market-indoor,146,flea_market-indoor,92
122,discotheque,315,stage-indoor,92
21,art_studio,20,art_school,92
304,ski_resort,305,ski_slope,92
170,hangar-outdoor,216,loading_dock,91
110,creek,324,swimming_hole,91
187,ice_shelf,163,glacier,91
202,kindergarden_classroom,20,art_school,91
124,dorm_room,363,youth_hostel,91
75,cafeteria,148,food_court,91
62,botanical_garden,153,formal_garden,90
152,forest_road,151,forest_path,90
14,archive,212,library-indoor,90
142,field_road,175,highway,90
68,bullring,17,arena-rodeo,90
321,supermarket,172,hardware_store,89
139,fastfood_restaurant,119,diner-outdoor,89
224,marsh,271,pond,89
234,mountain_snowy,309,snowfield,89
236,museum-indoor,19,art_gallery,89
271,pond,145,fishpond,88
250,orchestra_pit,316,stage-outdoor,88
237,museum-outdoor,213,library-outdoor,88
67,building_facade,8,apartment_building-outdoor,88
48,beach,204,lagoon,88
328,television_room,182,hotel_room,88
107,cottage,242,oast_house,88
212,library-indoor,60,bookstore,87
212,library-indoor,14,archive,87
359,wheat_field,104,corn_field,87
288,river,324,swimming_hole,87
279,rainforest,151,forest_path,87
345,vegetable_garden,290,roof_garden,86
16,arena-performance,315,stage-indoor,86
315,stage-indoor,316,stage-outdoor,86
363,youth_hostel,124,dorm_room,86
163,glacier,111,crevasse,86
204,lagoon,48,beach,86
27,auditorium,211,legislative_chamber,85
163,glacier,190,iceberg,85
119,diner-outdoor,161,general_store-outdoor,85
166,greenhouse-outdoor,165,greenhouse-indoor,85
17,arena-rodeo,105,corral,85
179,hospital_room,248,operating_room,84
27,auditorium,235,movie_theater-indoor,84
108,courthouse,213,library-outdoor,84
329,television_studio,238,music_studio,84
16,arena-performance,316,stage-outdoor,83
162,gift_shop,335,toyshop,83
91,church-outdoor,230,mosque-outdoor,83
80,candy_store,335,toyshop,83
207,landing_deck,293,runway,83
293,runway,207,landing_deck,83
155,galley,203,kitchen,83
70,bus_interior,336,train_interior,83
340,trench,136,excavation,82
182,hotel_room,51,bedchamber,82
31,bakery-shop,72,butchers_shop,82
171,harbor,79,canal-urban,82
107,cottage,184,hunting_lodge-outdoor,82
38,banquet_hall,120,dining_hall,82
69,burial_chamber,85,catacomb,81
314,stadium-soccer,312,stadium-baseball,81
313,stadium-football,310,soccer_field,81
178,hospital,256,parking_garage-outdoor,80
210,lecture_room,211,legislative_chamber,80
197,japanese_garden,153,formal_garden,80
326,swimming_pool-outdoor,325,swimming_pool-indoor,80
248,operating_room,179,hospital_room,80
105,corral,17,arena-rodeo,80
177,home_theater,328,television_room,80
163,glacier,234,mountain_snowy,79
271,pond,324,swimming_hole,79
272,porch,259,patio,79
8,apartment_building-outdoor,32,balcony-exterior,79
330,temple-asia,251,pagoda,79
138,farm,105,corral,78
163,glacier,187,ice_shelf,78
172,hardware_store,128,drugstore,78
175,highway,118,desert_road,78
118,desert_road,175,highway,78
209,lawn,362,yard,78
57,boardwalk,266,pier,77
190,iceberg,187,ice_shelf,77
353,water_park,326,swimming_pool-outdoor,77
264,physics_laboratory,88,chemistry_lab,77
100,computer_room,176,home_office,76
160,general_store-indoor,172,hardware_store,76
269,playroom,89,childs_room,76
175,highway,152,forest_road,76
282,repair_shop,28,auto_factory,76
80,candy_store,321,supermarket,76
249,orchard,349,vineyard,76
111,crevasse,163,glacier,76
120,dining_hall,284,restaurant,75
176,home_office,244,office,75
226,mausoleum,230,mosque-outdoor,75
317,staircase,228,mezzanine,75
31,bakery-shop,267,pizzeria,75
119,diner-outdoor,301,shopfront,74
279,rainforest,150,forest-broadleaf,74
161,general_store-outdoor,301,shopfront,74
25,atrium-public,302,shopping_mall-indoor,74
8,apartment_building-outdoor,181,hotel-outdoor,73
323,swamp,324,swimming_hole,73
340,trench,13,archaelogical_excavation,73
104,corn_field,140,field-cultivated,73
62,botanical_garden,147,florist_shop-indoor,73
60,bookstore,14,archive,73
12,arch,289,rock_arch,73
22,artists_loft,215,living_room,72
232,mountain,81,canyon,72
244,office,246,office_cubicles,72
216,loading_dock,170,hangar-outdoor,72
299,shed,40,barn,72
305,ski_slope,304,ski_resort,72
266,pier,171,harbor,72
246,office_cubicles,244,office,72
171,harbor,58,boat_deck,71
75,cafeteria,284,restaurant,71
148,food_court,75,cafeteria,71
48,beach,243,ocean,71
2,airport_terminal,25,atrium-public,71
89,childs_room,269,playroom,71
146,flea_market-indoor,223,market-outdoor,71
102,conference_room,211,legislative_chamber,71
229,moat-water,79,canal-urban,70
126,dressing_room,96,clothing_store,70
150,forest-broadleaf,279,rainforest,70
233,mountain_path,232,mountain,70
13,archaelogical_excavation,136,excavation,69
10,aqueduct,347,viaduct,69
138,farm,140,field-cultivated,69
363,youth_hostel,55,berth,68
114,delicatessen,267,pizzeria,68
344,valley,232,mountain,68
142,field_road,152,forest_road,68
315,stage-indoor,16,arena-performance,68
108,courthouse,237,museum-outdoor,68
187,ice_shelf,186,ice_floe,68
26,attic,131,elevator_shaft,68
187,ice_shelf,309,snowfield,68
275,racecourse,17,arena-rodeo,68
138,farm,287,rice_paddy,67
72,butchers_shop,31,bakery-shop,67
20,art_school,202,kindergarden_classroom,67
363,youth_hostel,52,bedroom,67
318,storage_room,253,pantry,67
243,ocean,97,coast,67
91,church-outdoor,327,synagogue-outdoor,67
32,balcony-exterior,8,apartment_building-outdoor,67
334,tower,307,skyscraper,66
323,swamp,271,pond,66
319,street,112,crosswalk,66
244,office,100,computer_room,66
176,home_office,100,computer_room,65
233,mountain_path,151,forest_path,65
234,mountain_snowy,305,ski_slope,65
52,bedroom,89,childs_room,65
338,tree_farm,349,vineyard,65
205,lake-natural,324,swimming_hole,65
210,lecture_room,27,auditorium,65
81,canyon,232,mountain,65
152,forest_road,175,highway,65
322,sushi_bar,285,restaurant_kitchen,65
142,field_road,118,desert_road,65
232,mountain,350,volcano,64
172,hardware_store,321,supermarket,64
225,martial_arts_gym,65,boxing_ring,64
286,restaurant_patio,259,patio,64
97,coast,204,lagoon,64
84,castle,200,kasbah,64
59,boathouse,229,moat-water,64
148,food_court,139,fastfood_restaurant,64
334,tower,91,church-outdoor,64
274,pub-indoor,39,bar,64
186,ice_floe,187,ice_shelf,64
132,embassy,181,hotel-outdoor,63
120,dining_hall,75,cafeteria,63
262,pharmacy,301,shopfront,63
203,kitchen,343,utility_room,63
138,farm,40,barn,63
149,football_field,310,soccer_field,63
218,lock_chamber,229,moat-water,63
132,embassy,213,library-outdoor,63
266,pier,273,promenade,63
265,picnic_area,53,beer_garden,63
39,bar,122,discotheque,62
38,banquet_hall,284,restaurant,62
258,pasture,138,farm,62
201,kennel-outdoor,261,pet_shop,62
296,schoolhouse,107,cottage,62
183,house,184,hunting_lodge-outdoor,62
92,classroom,20,art_school,62
218,lock_chamber,79,canal-urban,62
91,church-outdoor,334,tower,62
269,playroom,202,kindergarden_classroom,62
220,mansion,193,inn-outdoor,62
357,wave,243,ocean,62
289,rock_arch,167,grotto,61
205,lake-natural,323,swamp,61
102,conference_room,210,lecture_room,61
145,fishpond,271,pond,61
217,lobby,25,atrium-public,61
178,hospital,77,campus,61
245,office_building,256,parking_garage-outdoor,60
174,heliport,293,runway,60
78,canal-natural,79,canal-urban,60
90,church-indoor,331,throne_room,60
94,cliff,194,islet,60
59,boathouse,79,canal-urban,60
265,picnic_area,254,park,60
24,athletic_field-outdoor,149,football_field,60
202,kindergarden_classroom,269,playroom,60
329,television_studio,316,stage-outdoor,60
336,train_interior,1,airplane_cabin,60
114,delicatessen,321,supermarket,60
358,wet_bar,203,kitchen,60
146,flea_market-indoor,47,bazaar-outdoor,59
181,hotel-outdoor,8,apartment_building-outdoor,59
153,formal_garden,197,japanese_garden,59
138,farm,173,hayfield,59
11,arcade,302,shopping_mall-indoor,59
141,field-wild,140,field-cultivated,59
309,snowfield,163,glacier,59
234,mountain_snowy,232,mountain,59
13,archaelogical_excavation,292,ruin,59
128,drugstore,262,pharmacy,59
224,marsh,356,watering_hole,59
7,amusement_park,353,water_park,59
140,field-cultivated,287,rice_paddy,59
136,excavation,103,construction_site,59
12,arch,10,aqueduct,58
317,staircase,131,elevator_shaft,58
356,watering_hole,324,swimming_hole,58
97,coast,194,islet,58
28,auto_factory,133,engine_room,58
115,department_store,321,supermarket,58
133,engine_room,282,repair_shop,58
183,house,296,schoolhouse,58
93,clean_room,248,operating_room,58
32,balcony-exterior,181,hotel-outdoor,58
134,entrance_hall,331,throne_room,58
31,bakery-shop,185,ice_cream_parlor,58
27,auditorium,16,arena-performance,58
345,vegetable_garden,153,formal_garden,58
46,bazaar-indoor,146,flea_market-indoor,58
89,childs_room,52,bedroom,58
310,soccer_field,42,baseball_field,58
12,arch,90,church-indoor,57
158,gas_station,144,fire_station,57
183,house,220,mansion,57
17,arena-rodeo,275,racecourse,57
311,stable,105,corral,57
284,restaurant,38,banquet_hall,57
186,ice_floe,309,snowfield,57
145,fishpond,197,japanese_garden,57
258,pasture,105,corral,57
258,pasture,173,hayfield,57
359,wheat_field,140,field-cultivated,57
350,volcano,180,hot_spring,57
62,botanical_garden,345,vegetable_garden,57
301,shopfront,119,diner-outdoor,57
284,restaurant,120,dining_hall,57
233,mountain_path,117,desert-vegetation,57
268,playground,294,sandbox,57
183,house,242,oast_house,57
165,greenhouse-indoor,290,roof_garden,57
297,science_museum,239,natural_history_museum,57
192,industrial_area,216,loading_dock,57
315,stage-indoor,238,music_studio,56
310,soccer_field,24,athletic_field-outdoor,56
246,office_cubicles,100,computer_room,56
162,gift_shop,160,general_store-indoor,56
101,conference_center,102,conference_room,56
177,home_theater,235,movie_theater-indoor,56
290,roof_garden,165,greenhouse-indoor,56
134,entrance_hall,317,staircase,56
130,elevator_lobby,106,corridor,56
345,vegetable_garden,147,florist_shop-indoor,56
151,forest_path,150,forest-broadleaf,55
226,mausoleum,237,museum-outdoor,55
62,botanical_garden,141,field-wild,55
228,mezzanine,25,atrium-public,55
307,skyscraper,245,office_building,55
163,glacier,305,ski_slope,55
206,landfill,308,slum,55
52,bedroom,124,dorm_room,55
254,park,265,picnic_area,55
62,botanical_garden,279,rainforest,55
47,bazaar-outdoor,223,market-outdoor,55
296,schoolhouse,40,barn,55
245,office_building,125,downtown,55
146,flea_market-indoor,335,toyshop,54
271,pond,356,watering_hole,54
245,office_building,8,apartment_building-outdoor,54
280,reception,217,lobby,54
344,valley,348,village,54
178,hospital,181,hotel-outdoor,54
97,coast,94,cliff,54
93,clean_room,88,chemistry_lab,54
322,sushi_bar,284,restaurant,54
282,repair_shop,264,physics_laboratory,54
130,elevator_lobby,280,reception,54
197,japanese_garden,364,zen_garden,54
331,throne_room,90,church-indoor,54
39,bar,54,beer_hall,54
123,doorway-outdoor,41,barndoor,54
224,marsh,205,lake-natural,53
321,supermarket,115,department_store,53
355,waterfall,110,creek,53
146,flea_market-indoor,222,market-indoor,53
252,palace,230,mosque-outdoor,53
17,arena-rodeo,68,bullring,53
192,industrial_area,170,hangar-outdoor,53
167,grotto,289,rock_arch,53
222,market-indoor,46,bazaar-indoor,53
245,office_building,181,hotel-outdoor,53
202,kindergarden_classroom,92,classroom,53
84,castle,229,moat-water,53
84,castle,91,church-outdoor,53
213,library-outdoor,237,museum-outdoor,53
243,ocean,194,islet,52
350,volcano,232,mountain,52
89,childs_room,240,nursery,52
252,palace,91,church-outdoor,52
67,building_facade,181,hotel-outdoor,52
288,river,205,lake-natural,52
71,bus_station-indoor,144,fire_station,52
317,staircase,134,entrance_hall,52
48,beach,97,coast,52
128,drugstore,172,hardware_store,52
297,science_museum,236,museum-indoor,52
133,engine_room,264,physics_laboratory,52
91,church-outdoor,237,museum-outdoor,52
258,pasture,287,rice_paddy,52
288,river,271,pond,51
150,forest-broadleaf,36,bamboo_forest,51
252,palace,84,castle,51
74,cabin-outdoor,40,barn,51
124,dorm_room,52,bedroom,51
311,stable,17,arena-rodeo,51
209,lawn,153,formal_garden,51
299,shed,74,cabin-outdoor,51
285,restaurant_kitchen,155,galley,51
211,legislative_chamber,27,auditorium,51
353,water_park,325,swimming_pool-indoor,51
39,bar,322,sushi_bar,51
321,supermarket,128,drugstore,51
129,elevator-door,37,bank_vault,50
160,general_store-indoor,162,gift_shop,50
73,butte,232,mountain,50
237,museum-outdoor,108,courthouse,50
51,bedchamber,182,hotel_room,50
279,rainforest,355,waterfall,50
282,repair_shop,156,garage-indoor,50
238,music_studio,315,stage-indoor,50
282,repair_shop,133,engine_room,50
289,rock_arch,30,badlands,50
107,cottage,183,house,50
226,mausoleum,86,cemetery,50
359,wheat_field,287,rice_paddy,50
255,parking_garage-indoor,156,garage-indoor,50
217,lobby,280,reception,49
171,harbor,266,pier,49
261,pet_shop,162,gift_shop,49
255,parking_garage-indoor,29,auto_showroom,49
27,auditorium,210,lecture_room,49
132,embassy,108,courthouse,49
134,entrance_hall,90,church-indoor,49
39,bar,274,pub-indoor,49
107,cottage,74,cabin-outdoor,49
20,art_school,21,art_studio,49
94,cliff,81,canyon,49
175,highway,142,field_road,49
238,music_studio,316,stage-outdoor,49
271,pond,197,japanese_garden,49
228,mezzanine,317,staircase,49
252,palace,237,museum-outdoor,49
228,mezzanine,302,shopping_mall-indoor,49
328,television_room,176,home_office,48
7,amusement_park,83,carrousel,48
8,apartment_building-outdoor,245,office_building,48
224,marsh,324,swimming_hole,48
87,chalet,107,cottage,48
270,plaza,319,street,48
84,castle,292,ruin,48
114,delicatessen,185,ice_cream_parlor,48
20,art_school,19,art_gallery,48
240,nursery,269,playroom,48
28,auto_factory,282,repair_shop,48
231,motel,192,industrial_area,48
344,valley,30,badlands,48
232,mountain,30,badlands,48
334,tower,214,lighthouse,48
220,mansion,108,courthouse,48
132,embassy,327,synagogue-outdoor,47
143,fire_escape,8,apartment_building-outdoor,47
67,building_facade,132,embassy,47
127,driveway,283,residential_neighborhood,47
29,auto_showroom,28,auto_factory,47
139,fastfood_restaurant,301,shopfront,47
243,ocean,204,lagoon,47
126,dressing_room,50,beauty_salon,47
119,diner-outdoor,286,restaurant_patio,47
250,orchestra_pit,315,stage-indoor,47
178,hospital,245,office_building,47
185,ice_cream_parlor,31,bakery-shop,47
344,valley,233,mountain_path,47
349,vineyard,140,field-cultivated,47
118,desert_road,117,desert-vegetation,46
258,pasture,141,field-wild,46
134,entrance_hall,217,lobby,46
108,courthouse,327,synagogue-outdoor,46
266,pier,57,boardwalk,46
275,racecourse,105,corral,46
97,coast,357,wave,46
239,natural_history_museum,297,science_museum,46
163,glacier,309,snowfield,46
343,utility_room,203,kitchen,46
180,hot_spring,324,swimming_hole,46
62,botanical_garden,197,japanese_garden,46
341,tundra,356,watering_hole,46
40,barn,299,shed,46
46,bazaar-indoor,47,bazaar-outdoor,46
179,hospital_room,241,nursing_home,46
138,farm,258,pasture,46
47,bazaar-outdoor,319,street,45
220,mansion,77,campus,45
203,kitchen,155,galley,45
20,art_school,92,classroom,45
40,barn,138,farm,45
323,swamp,150,forest-broadleaf,45
231,motel,119,diner-outdoor,45
261,pet_shop,128,drugstore,45
146,flea_market-indoor,162,gift_shop,45
74,cabin-outdoor,299,shed,45
205,lake-natural,356,watering_hole,45
215,living_room,63,bow_window-indoor,45
283,residential_neighborhood,157,garage-outdoor,45
121,dining_room,215,living_room,45
193,inn-outdoor,181,hotel-outdoor,45
249,orchard,150,forest-broadleaf,45
24,athletic_field-outdoor,42,baseball_field,45
13,archaelogical_excavation,294,sandbox,45
230,mosque-outdoor,226,mausoleum,45
232,mountain,234,mountain_snowy,45
74,cabin-outdoor,107,cottage,45
292,ruin,200,kasbah,45
161,general_store-outdoor,144,fire_station,44
46,bazaar-indoor,222,market-indoor,44
32,balcony-exterior,33,balcony-interior,44
260,pavilion,184,hunting_lodge-outdoor,44
94,cliff,30,badlands,44
328,television_room,177,home_theater,44
356,watering_hole,271,pond,44
241,nursing_home,179,hospital_room,44
309,snowfield,187,ice_shelf,44
88,chemistry_lab,56,biology_laboratory,44
41,barndoor,216,loading_dock,44
217,lobby,352,waiting_room,44
245,office_building,178,hospital,44
200,kasbah,292,ruin,44
55,berth,182,hotel_room,44
106,corridor,11,arcade,44
95,closet,96,clothing_store,44
107,cottage,296,schoolhouse,44
239,natural_history_museum,236,museum-indoor,44
145,fishpond,9,aquarium,44
58,boat_deck,247,oilrig,44
361,windmill,360,wind_farm,44
269,playroom,335,toyshop,44
146,flea_market-indoor,96,clothing_store,43
132,embassy,178,hospital,43
362,yard,209,lawn,43
209,lawn,164,golf_course,43
124,dorm_room,176,home_office,43
261,pet_shop,201,kennel-outdoor,43
254,park,86,cemetery,43
199,junkyard,257,parking_lot,43
67,building_facade,213,library-outdoor,43
288,river,78,canal-natural,43
136,excavation,340,trench,43
306,sky,243,ocean,43
253,pantry,95,closet,43
360,wind_farm,361,windmill,43
227,medina,47,bazaar-outdoor,43
155,galley,285,restaurant_kitchen,43
55,berth,155,galley,43
148,food_court,284,restaurant,43
178,hospital,132,embassy,43
314,stadium-soccer,42,baseball_field,43
129,elevator-door,303,shower,43
14,archive,318,storage_room,43
210,lecture_room,102,conference_room,43
23,assembly_line,29,auto_showroom,42
319,street,47,bazaar-outdoor,42
176,home_office,124,dorm_room,42
62,botanical_garden,150,forest-broadleaf,42
322,sushi_bar,39,bar,42
329,television_studio,250,orchestra_pit,42
14,archive,60,bookstore,42
160,general_store-indoor,128,drugstore,42
264,physics_laboratory,133,engine_room,42
66,bridge,10,aqueduct,42
262,pharmacy,172,hardware_store,42
173,hayfield,140,field-cultivated,42
163,glacier,232,mountain,42
318,storage_room,14,archive,42
358,wet_bar,280,reception,42
184,hunting_lodge-outdoor,74,cabin-outdoor,42
58,boat_deck,171,harbor,42
341,tundra,30,badlands,42
295,sauna,303,shower,42
256,parking_garage-outdoor,178,hospital,42
273,promenade,79,canal-urban,42
230,mosque-outdoor,334,tower,42
323,swamp,224,marsh,42
49,beach_house,326,swimming_pool-outdoor,42
80,candy_store,31,bakery-shop,41
174,heliport,207,landing_deck,41
324,swimming_hole,110,creek,41
312,stadium-baseball,313,stadium-football,41
51,bedchamber,89,childs_room,41
307,skyscraper,334,tower,41
364,zen_garden,153,formal_garden,41
22,artists_loft,63,bow_window-indoor,41
321,supermarket,223,market-outdoor,41
258,pasture,356,watering_hole,41
341,tundra,117,desert-vegetation,41
67,building_facade,245,office_building,41
271,pond,229,moat-water,41
140,field-cultivated,349,vineyard,41
12,arch,327,synagogue-outdoor,41
328,television_room,352,waiting_room,41
190,iceberg,163,glacier,41
75,cafeteria,38,banquet_hall,41
11,arcade,4,alley,41
338,tree_farm,249,orchard,41
217,lobby,134,entrance_hall,41
216,loading_dock,144,fire_station,41
288,river,110,creek,41
261,pet_shop,172,hardware_store,40
115,department_store,128,drugstore,40
244,office,124,dorm_room,40
63,bow_window-indoor,3,alcove,40
334,tower,354,water_tower,40
59,boathouse,78,canal-natural,40
357,wave,48,beach,40
284,restaurant,39,bar,40
319,street,4,alley,40
232,mountain,233,mountain_path,40
66,bridge,79,canal-urban,40
261,pet_shop,346,veterinarians_office,40
288,river,323,swamp,40
110,creek,151,forest_path,40
289,rock_arch,81,canyon,40
233,mountain_path,344,valley,40
139,fastfood_restaurant,148,food_court,40
11,arcade,106,corridor,40
158,gas_station,231,motel,40
352,waiting_room,328,television_room,40
259,patio,286,restaurant_patio,40
238,music_studio,250,orchestra_pit,40
117,desert-vegetation,30,badlands,40
49,beach_house,33,balcony-interior,39
110,creek,271,pond,39
13,archaelogical_excavation,30,badlands,39
299,shed,41,barndoor,39
8,apartment_building-outdoor,132,embassy,39
108,courthouse,132,embassy,39
126,dressing_room,95,closet,39
305,ski_slope,234,mountain_snowy,39
116,desert-sand,118,desert_road,39
220,mansion,184,hunting_lodge-outdoor,39
244,office,280,reception,39
364,zen_garden,197,japanese_garden,39
56,biology_laboratory,264,physics_laboratory,39
205,lake-natural,204,lagoon,39
261,pet_shop,321,supermarket,39
24,athletic_field-outdoor,314,stadium-soccer,39
149,football_field,24,athletic_field-outdoor,39
79,canal-urban,229,moat-water,39
257,parking_lot,29,auto_showroom,39
144,fire_station,216,loading_dock,39
176,home_office,328,television_room,39
172,hardware_store,60,bookstore,39
181,hotel-outdoor,245,office_building,39
115,department_store,302,shopping_mall-indoor,39
162,gift_shop,96,clothing_store,39
158,gas_station,161,general_store-outdoor,39
280,reception,358,wet_bar,39
318,storage_room,156,garage-indoor,39
186,ice_floe,191,igloo,39
192,industrial_area,103,construction_site,39
285,restaurant_kitchen,322,sushi_bar,39
88,chemistry_lab,264,physics_laboratory,39
51,bedchamber,331,throne_room,39
59,boathouse,171,harbor,39
201,kennel-outdoor,346,veterinarians_office,39
113,dam,229,moat-water,39
165,greenhouse-indoor,147,florist_shop-indoor,39
83,carrousel,7,amusement_park,39
187,ice_shelf,111,crevasse,39
214,lighthouse,354,water_tower,39
89,childs_room,51,bedchamber,38
203,kitchen,285,restaurant_kitchen,38
270,plaza,125,downtown,38
136,excavation,13,archaelogical_excavation,38
270,plaza,47,bazaar-outdoor,38
262,pharmacy,119,diner-outdoor,38
259,patio,33,balcony-interior,38
164,golf_course,42,baseball_field,38
99,coffee_shop,284,restaurant,38
274,pub-indoor,284,restaurant,38
149,football_field,42,baseball_field,38
293,runway,170,hangar-outdoor,38
55,berth,363,youth_hostel,38
158,gas_station,192,industrial_area,38
91,church-outdoor,242,oast_house,38
321,supermarket,80,candy_store,38
96,clothing_store,137,fabric_store,38
132,embassy,77,campus,38
344,valley,341,tundra,38
321,supermarket,222,market-indoor,38
53,beer_garden,223,market-outdoor,38
334,tower,230,mosque-outdoor,38
327,synagogue-outdoor,237,museum-outdoor,38
118,desert_road,30,badlands,38
184,hunting_lodge-outdoor,107,cottage,38
298,server_room,37,bank_vault,38
33,balcony-interior,272,porch,38
59,boathouse,266,pier,38
66,bridge,347,viaduct,38
179,hospital_room,346,veterinarians_office,38
111,crevasse,191,igloo,38
302,shopping_mall-indoor,228,mezzanine,37
302,shopping_mall-indoor,11,arcade,37
127,driveway,257,parking_lot,37
221,manufactured_home,184,hunting_lodge-outdoor,37
193,inn-outdoor,161,general_store-outdoor,37
313,stadium-football,42,baseball_field,37
344,valley,118,desert_road,37
146,flea_market-indoor,46,bazaar-indoor,37
232,mountain,117,desert-vegetation,37
273,promenade,57,boardwalk,37
141,field-wild,287,rice_paddy,37
114,delicatessen,285,restaurant_kitchen,37
318,storage_room,95,closet,37
305,ski_slope,163,glacier,37
3,alcove,63,bow_window-indoor,37
155,galley,55,berth,37
237,museum-outdoor,230,mosque-outdoor,37
332,ticket_booth,119,diner-outdoor,37
215,living_room,22,artists_loft,37
250,orchestra_pit,329,television_studio,37
325,swimming_pool-indoor,326,swimming_pool-outdoor,37
47,bazaar-outdoor,308,slum,37
259,patio,272,porch,37
290,roof_garden,259,patio,37
140,field-cultivated,359,wheat_field,37
19,art_gallery,236,museum-indoor,37
190,iceberg,186,ice_floe,37
362,yard,157,garage-outdoor,37
323,swamp,78,canal-natural,37
271,pond,224,marsh,37
256,parking_garage-outdoor,181,hotel-outdoor,37
344,valley,117,desert-vegetation,37
109,courtyard,77,campus,37
186,ice_floe,111,crevasse,37
274,pub-indoor,122,discotheque,37
118,desert_road,116,desert-sand,37
345,vegetable_garden,62,botanical_garden,37
339,tree_house,184,hunting_lodge-outdoor,36
140,field-cultivated,138,farm,36
254,park,268,playground,36
116,desert-sand,117,desert-vegetation,36
182,hotel_room,55,berth,36
80,candy_store,162,gift_shop,36
140,field-cultivated,104,corn_field,36
245,office_building,213,library-outdoor,36
247,oilrig,171,harbor,36
156,garage-indoor,282,repair_shop,36
119,diner-outdoor,332,ticket_booth,36
310,soccer_field,313,stadium-football,36
253,pantry,318,storage_room,36
53,beer_garden,286,restaurant_patio,36
161,general_store-outdoor,193,inn-outdoor,36
238,music_studio,329,television_studio,36
66,bridge,171,harbor,36
270,plaza,237,museum-outdoor,36
132,embassy,245,office_building,36
232,mountain,344,valley,36
222,market-indoor,115,department_store,36
153,formal_garden,333,topiary_garden,36
164,golf_course,209,lawn,36
279,rainforest,36,bamboo_forest,36
172,hardware_store,160,general_store-indoor,36
148,food_court,120,dining_hall,36
32,balcony-exterior,193,inn-outdoor,36
262,pharmacy,88,chemistry_lab,36
216,loading_dock,41,barndoor,36
276,raceway,257,parking_lot,36
285,restaurant_kitchen,88,chemistry_lab,36
341,tundra,233,mountain_path,36
206,landfill,13,archaelogical_excavation,36
77,campus,108,courthouse,36
107,cottage,193,inn-outdoor,36
279,rainforest,110,creek,36
73,butte,117,desert-vegetation,35
4,alley,319,street,35
204,lagoon,205,lake-natural,35
348,village,308,slum,35
50,beauty_salon,126,dressing_room,35
1,airplane_cabin,70,bus_interior,35
252,palace,330,temple-asia,35
30,badlands,81,canyon,35
3,alcove,123,doorway-outdoor,35
46,bazaar-indoor,335,toyshop,35
147,florist_shop-indoor,62,botanical_garden,35
191,igloo,305,ski_slope,35
77,campus,213,library-outdoor,35
43,basement,196,jail_cell,35
141,field-wild,356,watering_hole,35
290,roof_garden,166,greenhouse-outdoor,35
2,airport_terminal,302,shopping_mall-indoor,35
300,shoe_shop,96,clothing_store,35
11,arcade,46,bazaar-indoor,35
354,water_tower,214,lighthouse,35
37,bank_vault,129,elevator-door,35
313,stadium-football,312,stadium-baseball,35
170,hangar-outdoor,192,industrial_area,35
242,oast_house,184,hunting_lodge-outdoor,35
317,staircase,143,fire_escape,35
325,swimming_pool-indoor,353,water_park,35
327,synagogue-outdoor,91,church-outdoor,35
116,desert-sand,30,badlands,35
173,hayfield,138,farm,35
330,temple-asia,237,museum-outdoor,35
49,beach_house,214,lighthouse,35
111,crevasse,187,ice_shelf,35
266,pier,79,canal-urban,35
133,engine_room,131,elevator_shaft,35
125,downtown,79,canal-urban,35
312,stadium-baseball,314,stadium-soccer,35
362,yard,290,roof_garden,35
90,church-indoor,69,burial_chamber,35
262,pharmacy,160,general_store-indoor,35
106,corridor,4,alley,35
252,palace,229,moat-water,35
270,plaza,77,campus,35
100,computer_room,244,office,35
288,river,229,moat-water,35
263,phone_booth,332,ticket_booth,35
149,football_field,314,stadium-soccer,35
331,throne_room,51,bedchamber,35
341,tundra,232,mountain,34
323,swamp,205,lake-natural,34
181,hotel-outdoor,32,balcony-exterior,34
3,alcove,95,closet,34
132,embassy,256,parking_garage-outdoor,34
99,coffee_shop,301,shopfront,34
203,kitchen,88,chemistry_lab,34
301,shopfront,161,general_store-outdoor,34
44,basketball_court-indoor,16,arena-performance,34
80,candy_store,172,hardware_store,34
80,candy_store,160,general_store-indoor,34
172,hardware_store,335,toyshop,34
294,sandbox,13,archaelogical_excavation,34
22,artists_loft,26,attic,34
113,dam,218,lock_chamber,34
125,downtown,245,office_building,34
84,castle,334,tower,34
23,assembly_line,264,physics_laboratory,34
185,ice_cream_parlor,139,fastfood_restaurant,34
185,ice_cream_parlor,72,butchers_shop,34
36,bamboo_forest,151,forest_path,34
271,pond,323,swamp,34
96,clothing_store,301,shopfront,34
31,bakery-shop,80,candy_store,34
292,ruin,10,aqueduct,34
178,hospital,192,industrial_area,34
236,museum-indoor,239,natural_history_museum,34
198,jewelry_shop,162,gift_shop,34
125,downtown,319,street,34
124,dorm_room,89,childs_room,34
165,greenhouse-indoor,25,atrium-public,34
222,market-indoor,321,supermarket,33
252,palace,132,embassy,33
81,canyon,117,desert-vegetation,33
156,garage-indoor,255,parking_garage-indoor,33
75,cafeteria,54,beer_hall,33
106,corridor,134,entrance_hall,33
115,department_store,172,hardware_store,33
258,pasture,209,lawn,33
363,youth_hostel,51,bedchamber,33
272,porch,63,bow_window-indoor,33
349,vineyard,249,orchard,33
264,physics_laboratory,282,repair_shop,33
16,arena-performance,44,basketball_court-indoor,33
119,diner-outdoor,231,motel,33
0,airfield,170,hangar-outdoor,33
245,office_building,77,campus,33
182,hotel_room,124,dorm_room,33
67,building_facade,327,synagogue-outdoor,33
148,food_court,115,department_store,33
250,orchestra_pit,122,discotheque,33
338,tree_farm,151,forest_path,33
71,bus_station-indoor,2,airport_terminal,33
359,wheat_field,141,field-wild,33
11,arcade,47,bazaar-outdoor,33
182,hotel_room,328,television_room,33
101,conference_center,38,banquet_hall,33
3,alcove,303,shower,33
102,conference_room,101,conference_center,33
324,swimming_hole,271,pond,33
211,legislative_chamber,101,conference_center,33
31,bakery-shop,114,delicatessen,33
359,wheat_field,173,hayfield,33
142,field_road,151,forest_path,33
45,bathroom,358,wet_bar,33
56,biology_laboratory,20,art_school,33
42,baseball_field,310,soccer_field,33
332,ticket_booth,263,phone_booth,33
325,swimming_pool-indoor,195,jacuzzi-indoor,33
52,bedroom,363,youth_hostel,33
132,embassy,8,apartment_building-outdoor,33
69,burial_chamber,3,alcove,33
72,butchers_shop,267,pizzeria,33
252,palace,109,courtyard,33
181,hotel-outdoor,256,parking_garage-outdoor,32
243,ocean,58,boat_deck,32
333,topiary_garden,197,japanese_garden,32
357,wave,97,coast,32
249,orchard,151,forest_path,32
160,general_store-indoor,60,bookstore,32
258,pasture,341,tundra,32
228,mezzanine,217,lobby,32
72,butchers_shop,285,restaurant_kitchen,32
167,grotto,355,waterfall,32
333,topiary_garden,86,cemetery,32
335,toyshop,162,gift_shop,32
246,office_cubicles,176,home_office,32
106,corridor,196,jail_cell,32
220,mansion,107,cottage,32
92,classroom,102,conference_room,32
33,balcony-interior,259,patio,32
175,highway,283,residential_neighborhood,32
250,orchestra_pit,27,auditorium,32
53,beer_garden,47,bazaar-outdoor,32
218,lock_chamber,171,harbor,32
262,pharmacy,253,pantry,32
206,landfill,136,excavation,32
101,conference_center,235,movie_theater-indoor,32
270,plaza,154,fountain,32
192,industrial_area,144,fire_station,32
324,swimming_hole,277,raft,32
99,coffee_shop,39,bar,32
147,florist_shop-indoor,141,field-wild,32
362,yard,153,formal_garden,32
78,canal-natural,59,boathouse,32
213,library-outdoor,181,hotel-outdoor,32
8,apartment_building-outdoor,307,skyscraper,32
217,lobby,130,elevator_lobby,32
8,apartment_building-outdoor,256,parking_garage-outdoor,32
227,medina,319,street,32
174,heliport,170,hangar-outdoor,32
124,dorm_room,182,hotel_room,32
292,ruin,84,castle,32
203,kitchen,121,dining_room,32
345,vegetable_garden,349,vineyard,32
128,drugstore,115,department_store,32
293,runway,174,heliport,32
205,lake-natural,288,river,32
343,utility_room,95,closet,32
16,arena-performance,238,music_studio,32
233,mountain_path,30,badlands,32
193,inn-outdoor,220,mansion,32
132,embassy,237,museum-outdoor,32
45,bathroom,343,utility_room,32
244,office,211,legislative_chamber,32
57,boardwalk,151,forest_path,32
193,inn-outdoor,183,house,32
309,snowfield,234,mountain_snowy,31
183,house,221,manufactured_home,31
46,bazaar-indoor,11,arcade,31
96,clothing_store,115,department_store,31
100,computer_room,246,office_cubicles,31
270,plaza,181,hotel-outdoor,31
103,construction_site,192,industrial_area,31
149,football_field,312,stadium-baseball,31
296,schoolhouse,184,hunting_lodge-outdoor,31
186,ice_floe,163,glacier,31
180,hot_spring,355,waterfall,31
215,living_room,51,bedchamber,31
141,field-wild,359,wheat_field,31
4,alley,308,slum,31
304,ski_resort,87,chalet,31
314,stadium-soccer,149,football_field,31
242,oast_house,40,barn,31
54,beer_hall,284,restaurant,31
122,discotheque,238,music_studio,31
127,driveway,259,patio,31
237,museum-outdoor,327,synagogue-outdoor,31
30,badlands,117,desert-vegetation,31
160,general_store-indoor,335,toyshop,31
177,home_theater,352,waiting_room,31
102,conference_room,352,waiting_room,31
1,airplane_cabin,98,cockpit,31
36,bamboo_forest,150,forest-broadleaf,31
256,parking_garage-outdoor,77,campus,31
247,oilrig,58,boat_deck,31
254,park,153,formal_garden,31
43,basement,318,storage_room,31
300,shoe_shop,115,department_store,31
2,airport_terminal,135,escalator-indoor,31
186,ice_floe,243,ocean,31
238,music_studio,122,discotheque,31
205,lake-natural,229,moat-water,31
258,pasture,140,field-cultivated,31
305,ski_slope,189,ice_skating_rink-outdoor,31
270,plaza,230,mosque-outdoor,31
54,beer_hall,122,discotheque,31
198,jewelry_shop,115,department_store,31
308,slum,47,bazaar-outdoor,31
323,swamp,110,creek,31
210,lecture_room,100,computer_room,31
219,locker_room,95,closet,31
205,lake-natural,224,marsh,31
221,manufactured_home,299,shed,31
320,subway_station-platform,135,escalator-indoor,31
266,pier,58,boat_deck,31
290,roof_garden,147,florist_shop-indoor,31
104,corn_field,349,vineyard,31
25,atrium-public,228,mezzanine,30
221,manufactured_home,49,beach_house,30
189,ice_skating_rink-outdoor,15,arena-hockey,30
67,building_facade,77,campus,30
319,street,227,medina,30
160,general_store-indoor,39,bar,30
108,courthouse,91,church-outdoor,30
60,bookstore,128,drugstore,30
223,market-outdoor,146,flea_market-indoor,30
62,botanical_garden,249,orchard,30
173,hayfield,359,wheat_field,30
288,river,79,canal-urban,30
162,gift_shop,115,department_store,30
243,ocean,171,harbor,30
352,waiting_room,217,lobby,30
157,garage-outdoor,156,garage-indoor,30
79,canal-urban,171,harbor,30
309,snowfield,191,igloo,30
111,crevasse,309,snowfield,30
125,downtown,181,hotel-outdoor,30
173,hayfield,287,rice_paddy,30
267,pizzeria,31,bakery-shop,30
85,catacomb,167,grotto,30
204,lagoon,97,coast,30
121,dining_room,176,home_office,30
331,throne_room,134,entrance_hall,30
271,pond,205,lake-natural,30
222,market-indoor,223,market-outdoor,30
249,orchard,254,park,30
316,stage-outdoor,16,arena-performance,30
348,village,200,kasbah,30
218,lock_chamber,58,boat_deck,30
297,science_museum,169,hangar-indoor,30
96,clothing_store,95,closet,30
151,forest_path,279,rainforest,30
40,barn,74,cabin-outdoor,30
288,river,355,waterfall,30
157,garage-outdoor,216,loading_dock,30
224,marsh,341,tundra,30
19,art_gallery,22,artists_loft,30
234,mountain_snowy,350,volcano,30
296,schoolhouse,242,oast_house,30
178,hospital,213,library-outdoor,30
130,elevator_lobby,219,locker_room,30
256,parking_garage-outdoor,8,apartment_building-outdoor,30
37,bank_vault,196,jail_cell,30
12,arch,3,alcove,29
353,water_park,154,fountain,29
309,snowfield,186,ice_floe,29
299,shed,166,greenhouse-outdoor,29
111,crevasse,305,ski_slope,29
299,shed,184,hunting_lodge-outdoor,29
94,cliff,204,lagoon,29
192,industrial_area,278,railroad_track,29
66,bridge,291,rope_bridge,29
248,operating_room,88,chemistry_lab,29
94,cliff,232,mountain,29
178,hospital,8,apartment_building-outdoor,29
257,parking_lot,144,fire_station,29
269,playroom,124,dorm_room,29
237,museum-outdoor,91,church-outdoor,29
93,clean_room,264,physics_laboratory,29
86,cemetery,226,mausoleum,29
113,dam,10,aqueduct,29
349,vineyard,104,corn_field,29
318,storage_room,298,server_room,29
48,beach,116,desert-sand,29
198,jewelry_shop,335,toyshop,29
31,bakery-shop,321,supermarket,29
228,mezzanine,26,attic,29
226,mausoleum,200,kasbah,29
224,marsh,287,rice_paddy,29
308,slum,206,landfill,29
123,doorway-outdoor,129,elevator-door,29
213,library-outdoor,108,courthouse,29
108,courthouse,220,mansion,29
362,yard,184,hunting_lodge-outdoor,29
115,department_store,148,food_court,29
97,coast,273,promenade,29
245,office_building,132,embassy,29
1,airplane_cabin,336,train_interior,29
362,yard,259,patio,29
104,corn_field,287,rice_paddy,29
123,doorway-outdoor,272,porch,29
281,recreation_room,352,waiting_room,29
3,alcove,358,wet_bar,29
145,fishpond,324,swimming_hole,29
141,field-wild,258,pasture,29
99,coffee_shop,185,ice_cream_parlor,29
243,ocean,266,pier,29
362,yard,345,vegetable_garden,29
102,conference_room,100,computer_room,29
310,soccer_field,149,football_field,29
281,recreation_room,328,television_room,29
50,beauty_salon,241,nursing_home,29
181,hotel-outdoor,326,swimming_pool-outdoor,29
201,kennel-outdoor,196,jail_cell,29
187,ice_shelf,305,ski_slope,29
228,mezzanine,2,airport_terminal,29
87,chalet,74,cabin-outdoor,29
170,hangar-outdoor,293,runway,29
67,building_facade,143,fire_escape,29
80,candy_store,261,pet_shop,28
84,castle,252,palace,28
154,fountain,153,formal_garden,28
119,diner-outdoor,139,fastfood_restaurant,28
67,building_facade,32,balcony-exterior,28
108,courthouse,77,campus,28
256,parking_garage-outdoor,213,library-outdoor,28
230,mosque-outdoor,237,museum-outdoor,28
220,mansion,283,residential_neighborhood,28
193,inn-outdoor,213,library-outdoor,28
218,lock_chamber,273,promenade,28
48,beach,194,islet,28
43,basement,131,elevator_shaft,28
237,museum-outdoor,226,mausoleum,28
39,bar,284,restaurant,28
75,cafeteria,286,restaurant_patio,28
232,mountain,341,tundra,28
252,palace,77,campus,28
94,cliff,243,ocean,28
148,food_court,302,shopping_mall-indoor,28
156,garage-indoor,157,garage-outdoor,28
128,drugstore,60,bookstore,28
58,boat_deck,207,landing_deck,28
180,hot_spring,110,creek,28
257,parking_lot,192,industrial_area,28
296,schoolhouse,193,inn-outdoor,28
140,field-cultivated,173,hayfield,28
114,delicatessen,80,candy_store,28
179,hospital_room,88,chemistry_lab,28
66,bridge,273,promenade,28
335,toyshop,80,candy_store,28
23,assembly_line,282,repair_shop,28
143,fire_escape,131,elevator_shaft,28
138,farm,104,corn_field,28
95,closet,253,pantry,28
3,alcove,26,attic,28
40,barn,296,schoolhouse,28
292,ruin,5,amphitheater,28
155,galley,358,wet_bar,28
265,picnic_area,151,forest_path,28
290,roof_garden,153,formal_garden,28
203,kitchen,280,reception,28
134,entrance_hall,25,atrium-public,28
72,butchers_shop,321,supermarket,28
192,industrial_area,307,skyscraper,28
252,palace,334,tower,28
108,courthouse,334,tower,28
52,bedroom,55,berth,28
235,movie_theater-indoor,210,lecture_room,28
99,coffee_shop,139,fastfood_restaurant,28
120,dining_hall,102,conference_room,28
220,mansion,132,embassy,28
196,jail_cell,69,burial_chamber,28
237,museum-outdoor,330,temple-asia,28
345,vegetable_garden,141,field-wild,28
212,library-indoor,120,dining_hall,28
81,canyon,73,butte,28
213,library-outdoor,77,campus,28
17,arena-rodeo,311,stable,28
158,gas_station,332,ticket_booth,28
216,loading_dock,192,industrial_area,28
47,bazaar-outdoor,146,flea_market-indoor,28
158,gas_station,263,phone_booth,27
171,harbor,273,promenade,27
206,landfill,199,junkyard,27
161,general_store-outdoor,332,ticket_booth,27
193,inn-outdoor,184,hunting_lodge-outdoor,27
107,cottage,40,barn,27
184,hunting_lodge-outdoor,87,chalet,27
3,alcove,51,bedchamber,27
211,legislative_chamber,102,conference_room,27
99,coffee_shop,88,chemistry_lab,27
209,lawn,86,cemetery,27
120,dining_hall,148,food_court,27
8,apartment_building-outdoor,178,hospital,27
209,lawn,287,rice_paddy,27
95,closet,303,shower,27
103,construction_site,308,slum,27
288,river,204,lagoon,27
80,candy_store,301,shopfront,27
220,mansion,242,oast_house,27
109,courtyard,25,atrium-public,27
316,stage-outdoor,238,music_studio,27
43,basement,156,garage-indoor,27
35,ballroom,331,throne_room,27
39,bar,160,general_store-indoor,27
347,viaduct,66,bridge,27
80,candy_store,72,butchers_shop,27
140,field-cultivated,141,field-wild,27
109,courtyard,270,plaza,27
209,lawn,77,campus,27
167,grotto,324,swimming_hole,27
165,greenhouse-indoor,345,vegetable_garden,27
67,building_facade,256,parking_garage-outdoor,27
334,tower,327,synagogue-outdoor,27
77,campus,283,residential_neighborhood,27
246,office_cubicles,280,reception,27
181,hotel-outdoor,178,hospital,27
162,gift_shop,198,jewelry_shop,27
221,manufactured_home,183,house,27
81,canyon,289,rock_arch,27
318,storage_room,43,basement,27
332,ticket_booth,161,general_store-outdoor,27
124,dorm_room,95,closet,27
262,pharmacy,161,general_store-outdoor,27
232,mountain,163,glacier,27
91,church-outdoor,90,church-indoor,27
12,arch,69,burial_chamber,27
209,lawn,254,park,27
134,entrance_hall,63,bow_window-indoor,27
219,locker_room,303,shower,27
63,bow_window-indoor,215,living_room,27
241,nursing_home,274,pub-indoor,27
281,recreation_room,215,living_room,27
305,ski_slope,191,igloo,27
300,shoe_shop,335,toyshop,27
110,creek,81,canyon,27
252,palace,200,kasbah,27
223,market-outdoor,321,supermarket,27
322,sushi_bar,120,dining_hall,26
161,general_store-outdoor,213,library-outdoor,26
60,bookstore,115,department_store,26
213,library-outdoor,132,embassy,26
287,rice_paddy,359,wheat_field,26
296,schoolhouse,74,cabin-outdoor,26
40,barn,107,cottage,26
356,watering_hole,141,field-wild,26
127,driveway,221,manufactured_home,26
190,iceberg,111,crevasse,26
319,street,257,parking_lot,26
197,japanese_garden,271,pond,26
194,islet,247,oilrig,26
13,archaelogical_excavation,5,amphitheater,26
281,recreation_room,269,playroom,26
259,patio,290,roof_garden,26
91,church-outdoor,109,courtyard,26
193,inn-outdoor,144,fire_station,26
2,airport_terminal,115,department_store,26
186,ice_floe,48,beach,26
47,bazaar-outdoor,316,stage-outdoor,26
182,hotel_room,363,youth_hostel,26
189,ice_skating_rink-outdoor,305,ski_slope,26
43,basement,69,burial_chamber,26
141,field-wild,62,botanical_garden,26
256,parking_garage-outdoor,245,office_building,26
34,ball_pit,269,playroom,26
268,playground,7,amusement_park,26
109,courtyard,4,alley,26
169,hangar-indoor,170,hangar-outdoor,26
167,grotto,81,canyon,26
101,conference_center,61,booth-indoor,26
131,elevator_shaft,196,jail_cell,26
157,garage-outdoor,127,driveway,26
264,physics_laboratory,28,auto_factory,26
192,industrial_area,213,library-outdoor,26
172,hardware_store,318,storage_room,26
172,hardware_store,115,department_store,26
67,building_facade,193,inn-outdoor,26
215,living_room,182,hotel_room,26
231,motel,181,hotel-outdoor,26
236,museum-indoor,25,atrium-public,26
250,orchestra_pit,16,arena-performance,26
134,entrance_hall,106,corridor,26
97,coast,214,lighthouse,26
3,alcove,85,catacomb,26
92,classroom,120,dining_hall,26
40,barn,173,hayfield,26
129,elevator-door,196,jail_cell,26
69,burial_chamber,196,jail_cell,26
300,shoe_shop,198,jewelry_shop,26
264,physics_laboratory,238,music_studio,26
8,apartment_building-outdoor,193,inn-outdoor,26
284,restaurant,274,pub-indoor,26
32,balcony-exterior,220,mansion,26
67,building_facade,237,museum-outdoor,26
40,barn,242,oast_house,26
224,marsh,78,canal-natural,26
32,balcony-exterior,326,swimming_pool-outdoor,26
265,picnic_area,76,campsite,26
327,synagogue-outdoor,213,library-outdoor,26
309,snowfield,304,ski_resort,26
19,art_gallery,21,art_studio,26
40,barn,184,hunting_lodge-outdoor,26
220,mansion,327,synagogue-outdoor,26
123,doorway-outdoor,3,alcove,26
239,natural_history_museum,19,art_gallery,26
67,building_facade,91,church-outdoor,26
123,doorway-outdoor,216,loading_dock,25
327,synagogue-outdoor,108,courthouse,25
73,butte,118,desert_road,25
234,mountain_snowy,190,iceberg,25
180,hot_spring,350,volcano,25
117,desert-vegetation,118,desert_road,25
338,tree_farm,254,park,25
33,balcony-interior,49,beach_house,25
65,boxing_ring,225,martial_arts_gym,25
62,botanical_garden,254,park,25
334,tower,242,oast_house,25
127,driveway,151,forest_path,25
283,residential_neighborhood,193,inn-outdoor,25
224,marsh,59,boathouse,25
99,coffee_shop,50,beauty_salon,25
185,ice_cream_parlor,301,shopfront,25
50,beauty_salon,346,veterinarians_office,25
334,tower,108,courthouse,25
144,fire_station,192,industrial_area,25
284,restaurant,322,sushi_bar,25
317,staircase,135,escalator-indoor,25
249,orchard,338,tree_farm,25
11,arcade,222,market-indoor,25
262,pharmacy,115,department_store,25
124,dorm_room,328,television_room,25
25,atrium-public,2,airport_terminal,25
136,excavation,308,slum,25
273,promenade,270,plaza,25
89,childs_room,124,dorm_room,25
335,toyshop,172,hardware_store,25
91,church-outdoor,108,courthouse,25
285,restaurant_kitchen,203,kitchen,25
231,motel,257,parking_lot,25
171,harbor,218,lock_chamber,25
109,courtyard,259,patio,25
148,food_court,286,restaurant_patio,25
141,field-wild,341,tundra,25
231,motel,158,gas_station,25
358,wet_bar,176,home_office,25
32,balcony-exterior,143,fire_escape,25
193,inn-outdoor,107,cottage,25
324,swimming_hole,356,watering_hole,25
59,boathouse,49,beach_house,25
360,wind_farm,306,sky,25
21,art_studio,335,toyshop,25
113,dam,355,waterfall,25
362,yard,107,cottage,25
35,ballroom,315,stage-indoor,25
320,subway_station-platform,2,airport_terminal,25
129,elevator-door,130,elevator_lobby,25
284,restaurant,54,beer_hall,25
256,parking_garage-outdoor,144,fire_station,25
217,lobby,215,living_room,25
195,jacuzzi-indoor,303,shower,25
334,tower,84,castle,25
152,forest_road,142,field_road,25
151,forest_path,233,mountain_path,25
12,arch,227,medina,25
53,beer_garden,54,beer_hall,25
335,toyshop,253,pantry,25
254,park,77,campus,25
256,parking_garage-outdoor,192,industrial_area,25
49,beach_house,221,manufactured_home,25
75,cafeteria,53,beer_garden,25
181,hotel-outdoor,132,embassy,25
160,general_store-indoor,321,supermarket,25
146,flea_market-indoor,160,general_store-indoor,25
2,airport_terminal,217,lobby,25
218,lock_chamber,113,dam,25
103,construction_site,125,downtown,25
143,fire_escape,4,alley,25
22,artists_loft,121,dining_room,24
215,living_room,134,entrance_hall,24
10,aqueduct,229,moat-water,24
130,elevator_lobby,134,entrance_hall,24
162,gift_shop,128,drugstore,24
234,mountain_snowy,187,ice_shelf,24
28,auto_factory,257,parking_lot,24
259,patio,53,beer_garden,24
333,topiary_garden,364,zen_garden,24
224,marsh,204,lagoon,24
115,department_store,61,booth-indoor,24
223,market-outdoor,222,market-indoor,24
152,forest_road,118,desert_road,24
341,tundra,344,valley,24
32,balcony-exterior,49,beach_house,24
98,cockpit,82,car_interior,24
132,embassy,220,mansion,24
26,attic,3,alcove,24
340,trench,151,forest_path,24
344,valley,349,vineyard,24
35,ballroom,38,banquet_hall,24
106,corridor,43,basement,24
27,auditorium,101,conference_center,24
343,utility_room,45,bathroom,24
346,veterinarians_office,241,nursing_home,24
358,wet_bar,121,dining_room,24
200,kasbah,84,castle,24
111,crevasse,190,iceberg,24
131,elevator_shaft,135,escalator-indoor,24
132,embassy,193,inn-outdoor,24
80,candy_store,137,fabric_store,24
254,park,294,sandbox,24
193,inn-outdoor,32,balcony-exterior,24
60,bookstore,301,shopfront,24
217,lobby,331,throne_room,24
222,market-indoor,302,shopping_mall-indoor,24
229,moat-water,59,boathouse,24
261,pet_shop,301,shopfront,24
262,pharmacy,321,supermarket,24
252,palace,108,courthouse,24
351,volleyball_court-outdoor,273,promenade,24
129,elevator-door,126,dressing_room,24
114,delicatessen,172,hardware_store,24
156,garage-indoor,43,basement,24
230,mosque-outdoor,327,synagogue-outdoor,24
286,restaurant_patio,33,balcony-interior,24
194,islet,243,ocean,24
338,tree_farm,173,hayfield,24
124,dorm_room,55,berth,24
11,arcade,227,medina,24
164,golf_course,310,soccer_field,24
47,bazaar-outdoor,53,beer_garden,24
134,entrance_hall,215,living_room,24
222,market-indoor,11,arcade,24
302,shopping_mall-indoor,2,airport_terminal,24
148,food_court,146,flea_market-indoor,24
98,cockpit,133,engine_room,24
66,bridge,57,boardwalk,24
58,boat_deck,266,pier,24
292,ruin,69,burial_chamber,24
7,amusement_park,316,stage-outdoor,24
332,ticket_booth,61,booth-indoor,24
47,bazaar-outdoor,46,bazaar-indoor,24
252,palace,327,synagogue-outdoor,24
35,ballroom,225,martial_arts_gym,24
173,hayfield,258,pasture,24
359,wheat_field,138,farm,24
205,lake-natural,266,pier,24
224,marsh,229,moat-water,24
241,nursing_home,346,veterinarians_office,24
319,street,283,residential_neighborhood,24
184,hunting_lodge-outdoor,339,tree_house,24
3,alcove,343,utility_room,24
321,supermarket,335,toyshop,24
231,motel,193,inn-outdoor,24
175,highway,257,parking_lot,24
130,elevator_lobby,25,atrium-public,24
279,rainforest,141,field-wild,24
12,arch,109,courtyard,24
257,parking_lot,283,residential_neighborhood,24
162,gift_shop,46,bazaar-indoor,24
26,attic,43,basement,24
102,conference_room,244,office,24
330,temple-asia,292,ruin,24
227,medina,200,kasbah,24
283,residential_neighborhood,77,campus,24
233,mountain_path,163,glacier,24
108,courthouse,230,mosque-outdoor,24
257,parking_lot,112,crosswalk,24
301,shopfront,332,ticket_booth,24
297,science_museum,28,auto_factory,24
11,arcade,90,church-indoor,24
253,pantry,335,toyshop,24
117,desert-vegetation,116,desert-sand,24
239,natural_history_museum,346,veterinarians_office,24
232,mountain,355,waterfall,24
207,landing_deck,247,oilrig,24
345,vegetable_garden,107,cottage,24
323,swamp,59,boathouse,24
235,movie_theater-indoor,316,stage-outdoor,24
105,corral,138,farm,23
335,toyshop,261,pet_shop,23
301,shopfront,96,clothing_store,23
53,beer_garden,259,patio,23
99,coffee_shop,286,restaurant_patio,23
124,dorm_room,352,waiting_room,23
203,kitchen,176,home_office,23
285,restaurant_kitchen,72,butchers_shop,23
37,bank_vault,298,server_room,23
307,skyscraper,79,canal-urban,23
291,rope_bridge,339,tree_house,23
31,bakery-shop,301,shopfront,23
157,garage-outdoor,221,manufactured_home,23
138,farm,356,watering_hole,23
80,candy_store,128,drugstore,23
96,clothing_store,300,shoe_shop,23
120,dining_hall,20,art_school,23
162,gift_shop,60,bookstore,23
62,botanical_garden,36,bamboo_forest,23
198,jewelry_shop,80,candy_store,23
296,schoolhouse,183,house,23
115,department_store,60,bookstore,23
8,apartment_building-outdoor,143,fire_escape,23
81,canyon,355,waterfall,23
213,library-outdoor,193,inn-outdoor,23
222,market-indoor,47,bazaar-outdoor,23
324,swimming_hole,323,swamp,23
24,athletic_field-outdoor,313,stadium-football,23
108,courthouse,193,inn-outdoor,23
334,tower,200,kasbah,23
280,reception,61,booth-indoor,23
93,clean_room,303,shower,23
350,volcano,306,sky,23
266,pier,218,lock_chamber,23
220,mansion,213,library-outdoor,23
318,storage_room,124,dorm_room,23
54,beer_hall,53,beer_garden,23
283,residential_neighborhood,184,hunting_lodge-outdoor,23
43,basement,85,catacomb,23
344,valley,81,canyon,23
232,mountain,348,village,23
120,dining_hall,212,library-indoor,23
25,atrium-public,217,lobby,23
162,gift_shop,146,flea_market-indoor,23
131,elevator_shaft,143,fire_escape,23
48,beach,273,promenade,23
254,park,76,campsite,23
75,cafeteria,92,classroom,23
297,science_museum,9,aquarium,23
109,courtyard,237,museum-outdoor,23
323,swamp,151,forest_path,23
332,ticket_booth,301,shopfront,23
321,supermarket,72,butchers_shop,23
345,vegetable_garden,249,orchard,23
244,office,50,beauty_salon,23
15,arena-hockey,189,ice_skating_rink-outdoor,23
78,canal-natural,271,pond,23
221,manufactured_home,296,schoolhouse,23
299,shed,107,cottage,23
153,formal_garden,364,zen_garden,23
87,chalet,40,barn,23
273,promenade,266,pier,23
243,ocean,273,promenade,23
300,shoe_shop,172,hardware_store,23
70,bus_interior,1,airplane_cabin,23
198,jewelry_shop,96,clothing_store,23
28,auto_factory,156,garage-indoor,23
128,drugstore,301,shopfront,23
115,department_store,300,shoe_shop,23
323,swamp,36,bamboo_forest,23
74,cabin-outdoor,296,schoolhouse,23
265,picnic_area,260,pavilion,23
196,jail_cell,131,elevator_shaft,23
53,beer_garden,265,picnic_area,23
104,corn_field,141,field-wild,23
267,pizzeria,285,restaurant_kitchen,23
339,tree_house,74,cabin-outdoor,23
269,playroom,34,ball_pit,23
110,creek,279,rainforest,23
133,engine_room,98,cockpit,23
97,coast,266,pier,23
261,pet_shop,9,aquarium,23
192,industrial_area,247,oilrig,23
160,general_store-indoor,253,pantry,23
329,television_studio,61,booth-indoor,23
162,gift_shop,172,hardware_store,23
99,coffee_shop,322,sushi_bar,23
60,bookstore,172,hardware_store,23
94,cliff,355,waterfall,23
298,server_room,264,physics_laboratory,23
121,dining_room,38,banquet_hall,23
67,building_facade,220,mansion,23
2,airport_terminal,320,subway_station-platform,23
307,skyscraper,181,hotel-outdoor,23
66,bridge,266,pier,23
270,plaza,109,courtyard,23
221,manufactured_home,107,cottage,23
183,house,161,general_store-outdoor,23
80,candy_store,253,pantry,23
137,fabric_store,335,toyshop,23
32,balcony-exterior,256,parking_garage-outdoor,23
116,desert-sand,48,beach,23
8,apartment_building-outdoor,213,library-outdoor,23
331,throne_room,69,burial_chamber,23
191,igloo,186,ice_floe,23
318,storage_room,282,repair_shop,23
218,lock_chamber,266,pier,22
279,rainforest,291,rope_bridge,22
162,gift_shop,253,pantry,22
191,igloo,309,snowfield,22
195,jacuzzi-indoor,45,bathroom,22
78,canal-natural,218,lock_chamber,22
151,forest_path,142,field_road,22
257,parking_lot,276,raceway,22
12,arch,237,museum-outdoor,22
156,garage-indoor,318,storage_room,22
324,swimming_hole,355,waterfall,22
238,music_studio,50,beauty_salon,22
319,street,270,plaza,22
238,music_studio,264,physics_laboratory,22
106,corridor,85,catacomb,22
79,canal-urban,218,lock_chamber,22
44,basketball_court-indoor,225,martial_arts_gym,22
104,corn_field,173,hayfield,22
286,restaurant_patio,284,restaurant,22
198,jewelry_shop,280,reception,22
220,mansion,91,church-outdoor,22
157,garage-outdoor,283,residential_neighborhood,22
252,palace,270,plaza,22
32,balcony-exterior,327,synagogue-outdoor,22
270,plaza,132,embassy,22
155,galley,343,utility_room,22
154,fountain,270,plaza,22
121,dining_room,120,dining_hall,22
252,palace,213,library-outdoor,22
284,restaurant,148,food_court,22
197,japanese_garden,150,forest-broadleaf,22
292,ruin,330,temple-asia,22
119,diner-outdoor,181,hotel-outdoor,22
267,pizzeria,72,butchers_shop,22
185,ice_cream_parlor,148,food_court,22
308,slum,227,medina,22
34,ball_pit,294,sandbox,22
123,doorway-outdoor,301,shopfront,22
328,television_room,124,dorm_room,22
205,lake-natural,79,canal-urban,22
229,moat-water,84,castle,22
121,dining_room,63,bow_window-indoor,22
214,lighthouse,243,ocean,22
77,campus,178,hospital,22
127,driveway,142,field_road,22
120,dining_hall,210,lecture_room,22
350,volcano,194,islet,22
39,bar,238,music_studio,22
182,hotel_room,63,bow_window-indoor,22
283,residential_neighborhood,220,mansion,22
227,medina,308,slum,22
284,restaurant,31,bakery-shop,22
192,industrial_area,283,residential_neighborhood,22
288,river,224,marsh,22
66,bridge,78,canal-natural,22
266,pier,243,ocean,22
231,motel,144,fire_station,22
115,department_store,162,gift_shop,22
97,coast,171,harbor,22
252,palace,251,pagoda,22
40,barn,41,barndoor,22
21,art_studio,269,playroom,22
329,television_studio,16,arena-performance,22
121,dining_room,284,restaurant,22
245,office_building,192,industrial_area,22
96,clothing_store,126,dressing_room,22
238,music_studio,16,arena-performance,22
201,kennel-outdoor,311,stable,22
352,waiting_room,280,reception,22
213,library-outdoor,144,fire_station,22
288,river,66,bridge,22
355,waterfall,113,dam,22
138,farm,359,wheat_field,22
277,raft,353,water_park,22
323,swamp,356,watering_hole,22
6,amusement_arcade,335,toyshop,22
138,farm,349,vineyard,22
115,department_store,335,toyshop,22
268,playground,254,park,22
23,assembly_line,133,engine_room,22
232,mountain,118,desert_road,22
304,ski_resort,184,hunting_lodge-outdoor,22
252,palace,220,mansion,22
215,living_room,176,home_office,22
215,living_room,124,dorm_room,22
23,assembly_line,88,chemistry_lab,22
86,cemetery,254,park,22
91,church-outdoor,84,castle,22
107,cottage,299,shed,22
33,balcony-interior,63,bow_window-indoor,22
228,mezzanine,131,elevator_shaft,22
121,dining_room,203,kitchen,22
153,formal_garden,345,vegetable_garden,22
120,dining_hall,54,beer_hall,22
192,industrial_area,354,water_tower,22
235,movie_theater-indoor,16,arena-performance,22
231,motel,283,residential_neighborhood,22
183,house,74,cabin-outdoor,22
197,japanese_garden,145,fishpond,22
243,ocean,247,oilrig,21
54,beer_hall,316,stage-outdoor,21
129,elevator-door,95,closet,21
247,oilrig,207,landing_deck,21
253,pantry,160,general_store-indoor,21
157,garage-outdoor,299,shed,21
328,television_room,52,bedroom,21
163,glacier,191,igloo,21
18,army_base,207,landing_deck,21
177,home_theater,176,home_office,21
228,mezzanine,134,entrance_hall,21
343,utility_room,358,wet_bar,21
219,locker_room,168,gymnasium-indoor,21
236,museum-indoor,297,science_museum,21
221,manufactured_home,283,residential_neighborhood,21
184,hunting_lodge-outdoor,40,barn,21
273,promenade,171,harbor,21
148,food_court,61,booth-indoor,21
207,landing_deck,0,airfield,21
121,dining_room,352,waiting_room,21
48,beach,49,beach_house,21
348,village,344,valley,21
352,waiting_room,124,dorm_room,21
261,pet_shop,80,candy_store,21
38,banquet_hall,54,beer_hall,21
196,jail_cell,85,catacomb,21
223,market-outdoor,72,butchers_shop,21
79,canal-urban,125,downtown,21
274,pub-indoor,241,nursing_home,21
134,entrance_hall,22,artists_loft,21
233,mountain_path,142,field_road,21
67,building_facade,334,tower,21
181,hotel-outdoor,119,diner-outdoor,21
202,kindergarden_classroom,335,toyshop,21
220,mansion,32,balcony-exterior,21
241,nursing_home,20,art_school,21
345,vegetable_garden,165,greenhouse-indoor,21
22,artists_loft,217,lobby,21
262,pharmacy,56,biology_laboratory,21
8,apartment_building-outdoor,125,downtown,21
160,general_store-indoor,46,bazaar-indoor,21
21,art_studio,96,clothing_store,21
57,boardwalk,291,rope_bridge,21
296,schoolhouse,108,courthouse,21
159,gazebo-exterior,197,japanese_garden,21
49,beach_house,273,promenade,21
128,drugstore,119,diner-outdoor,21
172,hardware_store,301,shopfront,21
139,fastfood_restaurant,322,sushi_bar,21
49,beach_house,184,hunting_lodge-outdoor,21
200,kasbah,237,museum-outdoor,21
103,construction_site,131,elevator_shaft,21
75,cafeteria,322,sushi_bar,21
170,hangar-outdoor,169,hangar-indoor,21
122,discotheque,316,stage-outdoor,21
282,repair_shop,88,chemistry_lab,21
226,mausoleum,91,church-outdoor,21
268,playground,351,volleyball_court-outdoor,21
220,mansion,183,house,21
214,lighthouse,247,oilrig,21
181,hotel-outdoor,125,downtown,21
58,boat_deck,218,lock_chamber,21
246,office_cubicles,88,chemistry_lab,21
332,ticket_booth,144,fire_station,21
314,stadium-soccer,24,athletic_field-outdoor,21
28,auto_factory,23,assembly_line,21
173,hayfield,142,field_road,21
139,fastfood_restaurant,332,ticket_booth,21
222,market-indoor,148,food_court,21
35,ballroom,217,lobby,21
109,courtyard,153,formal_garden,21
172,hardware_store,162,gift_shop,21
284,restaurant,286,restaurant_patio,21
56,biology_laboratory,50,beauty_salon,21
326,swimming_pool-outdoor,49,beach_house,21
76,campsite,265,picnic_area,21
213,library-outdoor,256,parking_garage-outdoor,21
324,swimming_hole,205,lake-natural,21
345,vegetable_garden,362,yard,21
5,amphitheater,316,stage-outdoor,21
22,artists_loft,352,waiting_room,21
87,chalet,242,oast_house,21
139,fastfood_restaurant,231,motel,21
13,archaelogical_excavation,85,catacomb,21
151,forest_path,57,boardwalk,21
3,alcove,52,bedroom,21
346,veterinarians_office,261,pet_shop,21
178,hospital,144,fire_station,21
175,highway,276,raceway,21
287,rice_paddy,140,field-cultivated,21
312,stadium-baseball,16,arena-performance,21
73,butte,289,rock_arch,21
30,badlands,73,butte,21
258,pasture,142,field_road,21
345,vegetable_garden,145,fishpond,21
326,swimming_pool-outdoor,32,balcony-exterior,21
56,biology_laboratory,241,nursing_home,21
201,kennel-outdoor,166,greenhouse-outdoor,20
315,stage-indoor,250,orchestra_pit,20
25,atrium-public,11,arcade,20
162,gift_shop,261,pet_shop,20
92,classroom,100,computer_room,20
47,bazaar-outdoor,227,medina,20
270,plaza,273,promenade,20
272,porch,193,inn-outdoor,20
13,archaelogical_excavation,86,cemetery,20
229,moat-water,218,lock_chamber,20
12,arch,347,viaduct,20
257,parking_lot,216,loading_dock,20
102,conference_room,121,dining_room,20
30,badlands,118,desert_road,20
234,mountain_snowy,341,tundra,20
300,shoe_shop,162,gift_shop,20
188,ice_skating_rink-indoor,16,arena-performance,20
204,lagoon,356,watering_hole,20
220,mansion,49,beach_house,20
22,artists_loft,51,bedchamber,20
298,server_room,318,storage_room,20
212,library-indoor,92,classroom,20
318,storage_room,172,hardware_store,20
80,candy_store,115,department_store,20
267,pizzeria,284,restaurant,20
176,home_office,177,home_theater,20
215,living_room,3,alcove,20
289,rock_arch,94,cliff,20
63,bow_window-indoor,51,bedchamber,20
260,pavilion,330,temple-asia,20
237,museum-outdoor,200,kasbah,20
61,booth-indoor,96,clothing_store,20
297,science_museum,25,atrium-public,20
99,coffee_shop,119,diner-outdoor,20
75,cafeteria,212,library-indoor,20
69,burial_chamber,90,church-indoor,20
26,attic,196,jail_cell,20
185,ice_cream_parlor,119,diner-outdoor,20
8,apartment_building-outdoor,77,campus,20
282,repair_shop,318,storage_room,20
92,classroom,212,library-indoor,20
259,patio,109,courtyard,20
291,rope_bridge,57,boardwalk,20
270,plaza,91,church-outdoor,20
198,jewelry_shop,50,beauty_salon,20
252,palace,181,hotel-outdoor,20
200,kasbah,227,medina,20
125,downtown,192,industrial_area,20
219,locker_room,96,clothing_store,20
88,chemistry_lab,20,art_school,20
226,mausoleum,69,burial_chamber,20
286,restaurant_patio,260,pavilion,20
112,crosswalk,257,parking_lot,20
159,gazebo-exterior,184,hunting_lodge-outdoor,20
92,classroom,88,chemistry_lab,20
214,lighthouse,194,islet,20
227,medina,109,courtyard,20
133,engine_room,37,bank_vault,20
4,alley,109,courtyard,20
121,dining_room,358,wet_bar,20
134,entrance_hall,69,burial_chamber,20
10,aqueduct,12,arch,20
21,art_studio,50,beauty_salon,20
13,archaelogical_excavation,69,burial_chamber,20
356,watering_hole,105,corral,20
185,ice_cream_parlor,115,department_store,20
284,restaurant,267,pizzeria,20
176,home_office,215,living_room,20
288,river,277,raft,20
297,science_museum,19,art_gallery,20
127,driveway,191,igloo,20
199,junkyard,136,excavation,20
289,rock_arch,10,aqueduct,20
171,harbor,59,boathouse,20
145,fishpond,153,formal_garden,20
75,cafeteria,20,art_school,20
135,escalator-indoor,228,mezzanine,20
344,valley,173,hayfield,20
183,house,283,residential_neighborhood,20
244,office,102,conference_room,20
145,fishpond,110,creek,20
238,music_studio,298,server_room,20
114,delicatessen,60,bookstore,20
317,staircase,25,atrium-public,20
43,basement,295,sauna,20
194,islet,97,coast,20
327,synagogue-outdoor,132,embassy,20
187,ice_shelf,191,igloo,20
272,porch,260,pavilion,20
5,amphitheater,292,ruin,20
196,jail_cell,37,bank_vault,20
93,clean_room,298,server_room,20
344,valley,163,glacier,20
226,mausoleum,330,temple-asia,20
46,bazaar-indoor,96,clothing_store,20
356,watering_hole,110,creek,20
134,entrance_hall,228,mezzanine,20
146,flea_market-indoor,282,repair_shop,20
358,wet_bar,45,bathroom,20
21,art_studio,236,museum-indoor,20
306,sky,350,volcano,20
66,bridge,229,moat-water,20
302,shopping_mall-indoor,115,department_store,20
41,barndoor,299,shed,20
162,gift_shop,80,candy_store,19
62,botanical_garden,271,pond,19
72,butchers_shop,114,delicatessen,19
175,highway,192,industrial_area,19
110,creek,145,fishpond,19
225,martial_arts_gym,241,nursing_home,19
54,beer_hall,38,banquet_hall,19
217,lobby,228,mezzanine,19
91,church-outdoor,226,mausoleum,19
299,shed,221,manufactured_home,19
43,basement,303,shower,19
261,pet_shop,115,department_store,19
244,office,352,waiting_room,19
279,rainforest,62,botanical_garden,19
164,golf_course,153,formal_garden,19
327,synagogue-outdoor,230,mosque-outdoor,19
14,archive,137,fabric_store,19
43,basement,255,parking_garage-indoor,19
248,operating_room,93,clean_room,19
228,mezzanine,22,artists_loft,19
271,pond,153,formal_garden,19
13,archaelogical_excavation,308,slum,19
132,embassy,32,balcony-exterior,19
213,library-outdoor,245,office_building,19
40,barn,304,ski_resort,19
169,hangar-indoor,28,auto_factory,19
218,lock_chamber,103,construction_site,19
28,auto_factory,199,junkyard,19
156,garage-indoor,28,auto_factory,19
254,park,151,forest_path,19
114,delicatessen,160,general_store-indoor,19
340,trench,30,badlands,19
282,repair_shop,238,music_studio,19
26,attic,295,sauna,19
354,water_tower,334,tower,19
210,lecture_room,101,conference_center,19
141,field-wild,345,vegetable_garden,19
139,fastfood_restaurant,120,dining_hall,19
279,rainforest,145,fishpond,19
22,artists_loft,176,home_office,19
286,restaurant_patio,161,general_store-outdoor,19
335,toyshop,269,playroom,19
283,residential_neighborhood,319,street,19
94,cliff,289,rock_arch,19
114,delicatessen,322,sushi_bar,19
10,aqueduct,292,ruin,19
221,manufactured_home,192,industrial_area,19
124,dorm_room,215,living_room,19
198,jewelry_shop,46,bazaar-indoor,19
232,mountain,306,sky,19
215,living_room,89,childs_room,19
112,crosswalk,270,plaza,19
187,ice_shelf,194,islet,19
218,lock_chamber,78,canal-natural,19
199,junkyard,206,landfill,19
51,bedchamber,215,living_room,19
171,harbor,66,bridge,19
48,beach,357,wave,19
74,cabin-outdoor,339,tree_house,19
84,castle,10,aqueduct,19
239,natural_history_museum,9,aquarium,19
99,coffee_shop,31,bakery-shop,19
21,art_studio,241,nursing_home,19
